company,lat,lng
Shur Brite Hi Speed Car Wash,36.1529966,-86.79500139999999
Mister Car Wash,35.9876422,-86.545082
White Bridge Auto Wash,36.1385861,-86.85729479999999
Mobile Detail Solution,35.7437341,-86.8811844
D & T Truck Wash & Repair,36.01606259999999,-86.6167019
MILES Express,35.95249859999999,-86.81853629999999
Details To Go,35.9088498,-86.8749654
"Clean Way Detail- Nolensville, Franklin, Brentwood",36.0330184,-86.71497289999999
Sudsy's Car Wash,35.7690182,-86.9187115
Washtopia,35.73907920000001,-86.893028
Premier Mobile Detailing,36.07754320000001,-86.7315785
Mister Car Wash,36.0839362,-86.7271967
Champion Car Wash,36.0745327,-86.9238781
Mister Car Wash,36.0295613,-86.59221199999999
Monster X-press Car Wash,35.79212179999999,-86.4000803
Mister Car Wash,36.0931787,-86.6517314
Auto Spa of Nashville,36.14767760000001,-86.7926466
Mister Car Wash,35.84530609999999,-86.457095
MILES The Auto Spa,35.9588889,-86.8061111
Mister Car Wash,36.2024493,-86.73937649999999
Mister Car Wash,35.90799800000001,-86.384258
Camel Express Car Wash,36.2431182,-86.75753019999999
Mister Car Wash,36.21661539999999,-86.58549119999999
Mister Car Wash,36.1772776,-86.512226
Magic Spray Car Wash,35.6185054,-87.09409749999999
Mister Car Wash,35.590983,-87.0497206
Hermitage Auto Wash,36.20186229999999,-86.6180007
Magic Spray Car Wash,35.59821850000001,-87.082229
InsideOut Detailing Crew,36.2215153,-86.51401039999999
Visual Edge,36.001424,-86.290857
Aqua Jet Carwash,36.1891582,-86.41053219999999
Wash Me Express Car Wash - Donelson,36.14968100000001,-86.666893
Extreme Express Wash,35.832133,-86.3492605
